<?xml version="1.0" encoding="utf-8" ?>
<Samples>
  <Entity Name="Documents">
        <Property Name="Checkout Documents"  VB="CheckOutDocVB.rtf" CSharp="DMAPICheckOutDoc.rtf"  DataType="System.String" />
        <Property Name="Create New Document" VB="DMAPICreateProfileVB.rtf"  CSharp="DMAPIProfileNewDocumentExample.rtf" DataType="System.String" />
        <Property Name="Create New Version"  VB="DMAPICreateVersionVB.rtf" CSharp="DMAPICreateNewVersion.rtf"  DataType="System.String" />
        <Property Name="Create SubVersion" VB="DMAPICreateSubversionVB.rtf"  CSharp="DMAPICreateNewSubVersion.rtf" DataType="System.String" /> 
        <Property Name="Download Document" VB="DMAPIDownloadDocumentVB.rtf"  CSharp="DMAPIDownloadFile.rtf" DataType="System.String" />     
        <Property Name="Download Version/Attachment" VB="DMAPIDownloadVersionVB.rtf"  CSharp="DMAPIDownloadVersion.rtf" DataType="System.String" />
        <Property Name="Return Document Metadata" VB="DMAPIReturnMetadataVB.rtf"  CSharp="DMAPIReturnMetadata.rtf" DataType="System.String" />
        <Property Name="Modify Document Metadata" VB="DMAPIModifyMetadataVB.rtf"  CSharp="DMAPIModifyMetadata.rtf" DataType="System.String" />
        <Property Name="Make/Remove Read-Only" VB="DMAPIMakeDocumentsReadOnlyVB.rtf"  CSharp="DMAPIMakeDocumentsReadOnly.rtf" DataType="System.String" />     
        <Property Name="Return All Version Info" VB="NoVB.rtf"  CSharp="DMAPIReturnAllVersionInfo.rtf" DataType="System.String" />
        <Property Name="Add Attachment to Document" VB="DMAPIAddAttachmentVB.rtf"  CSharp="DMAPIAddAttachment.rtf" DataType="System.String" />     
        <Property Name="Relate/Unrelate Documents" VB="DMAPIRelateDocsVB.rtf"  CSharp="DMAPIRelateDocs.rtf" DataType="System.String" />     
        <Property Name="Relate Batches/Remote Remote Lib" VB="NoVB.rtf"  CSharp="DMAPIRelateBatchesRelateRemoteDocs.rtf" DataType="System.String" />  
        <Property Name="Delete Version/SubVersion/Attatchmernt" VB="DMAPIDeleteVersionVB.rtf"  CSharp="DMAPIDeleteVersion.rtf" DataType="System.String" />  
        <Property Name="Delete Document/Folder" VB="DMAPIDeleteDocumentExampleVB.rtf"  CSharp="DMAPIDeleteDocumentExample.rtf" DataType="System.String" />     
        <Property Name="Return Recently Edited Documents" VB="DMAPIRecentDocsVB.rtf"  CSharp="DMAPIRecentDocs.rtf" DataType="System.String" />        
        <Property Name="Customize Recently Edited Documents" VB="DMAPICustomRecentDocsVB.rtf"  CSharp="DMAPICustomRecentDocs.rtf" DataType="System.String" />   
        <Property Name="Return Activity Log Entries for Document" VB="NoVB.rtf"  CSharp="DMAPIReturnActivityLogEntriesForDoc.rtf" DataType="System.String" />
        <Property Name="Add Custom Activity Log Entry" VB="NoVB.rtf"  CSharp="DMAPIAddCustomActivityLogEntry.rtf" DataType="System.String" />
  </Entity>

   <Entity Name="Folders"> 
      <Property Name="Create New Folder" VB ="DMAPICreateFolderVB.rtf" CSharp="DMAPICreateFolder.rtf" DataType="System.String" />
      <Property Name="Add Document To Folder " VB ="DMAPIAddDocToFolderVB.rtf" CSharp="DMAPIAddDocToFolder.rtf" DataType="System.String" />
      <Property Name="Update Item In Folder" VB ="NoVB.rtf" CSharp="DMAPIUpdateItemInFolder.rtf" DataType="System.String" />
      <Property Name="Retrieve Items From Folder" VB ="NoVB.rtf" CSharp="DMAPIRetrieveItemsFromFolder.rtf" DataType="System.String" />
      <Property Name="Change Item Location in Folder" VB ="NoVB.rtf" CSharp="DMAPIChangeItemLocationInFolder.rtf" DataType="System.String" />
      <Property Name="Move Item Relative to Another" VB ="NoVB.rtf" CSharp="DMAPIMoveItemRelativeToAnother.rtf" DataType="System.String" />
      <Property Name="Copy Folder to Folder" VB ="" CSharp="DMAPICopyFolderToFolder.rtf" DataType="System.String" />
      <Property Name="Remove Item From Folder" VB ="NoVB.rtf" CSharp="DMAPIRemoveItemFromFolder.rtf" DataType="System.String" />
      <Property Name="Delete Public Folder" VB ="NoVB.rtf" CSharp="DMAPIDeletePublicFolder.rtf" DataType="System.String" />
      <Property Name="Create New Public Folder" VB ="NoVB.rtf" CSharp="DMAPICreateNewPublicFolder.rtf" DataType="System.String" />
      <Property Name="Make Existing Folder Public" VB ="NoVB.rtf" CSharp="DMAPIMakeExistingFolderPublic.rtf" DataType="System.String" />
      <Property Name="Return Public Folders" VB ="NoVB.rtf" CSharp="DMAPIReturnPublicFolders.rtf" DataType="System.String" />
   </Entity>

  <Entity Name="Forms">
    <Property Name="Retrieve Profile Forms For Current User Primary Group " VB="NoVB.RTF" CSharp ="DMAPIRetrieveProfileFormsForCurrentUserPrimaryGroup.rtf" DataType="System.String" />
    <Property Name="Retrieve Search Forms For Current User Primary Group " VB="NoVB.RTF" CSharp ="DMAPIRetrieveSearchFormsForUserPrimaryGroup.rtf" DataType="System.String" />
    <Property Name="Retrieve Hitlist Forms For Current User Primary Group " VB="NoVB.RTF" CSharp ="DMAPIRetrieveHitListForUserPrimaryGroup.rtf" DataType="System.String" />  
  </Entity>



 <Entity Name="Profile and ACL Defaults">
    <Property Name="Create Profile Defaults" VB="NoVB.rtf" CSharp ="DMAPICreateProfileDefaults.rtf" DataType="System.String" />
    <Property Name="Create ACL Defaults" VB="NoVB.rtf" CSharp ="DMAPICreateACLDefaults.rtf" DataType="System.String" />
    <Property Name="Retrieve Profile Defaults" VB="NoVB.rtf" CSharp ="DMAPIRetrieveProfileDefaults.rtf" DataType="System.String" />
</Entity>


  <Entity Name="Searching">
    <Property Name="Profile Search" VB="DMAPIProfileSearchVB.rtf" CSharp ="DMAPIProfileSearch.rtf" DataType="System.String" />
    <Property Name="Full-Text Search" VB="DMAPIFullTextSearchVB.rtf" CSharp ="DMAPIFullTextSearch.rtf" DataType="System.String" />
    <Property Name="Related Documents Search" VB="NoVB.rtf" CSharp ="DMAPIRelatedDocSearch.rtf" DataType="System.String" />
    <Property Name="Retrieve Profile Defaults" VB="NoVB.rtf" CSharp ="DMAPIRetrieveProfileDefaults.rtf" DataType="System.String" />
  </Entity>


  <Entity Name="Security">
    <Property Name="Determine Current User's Rights To Document" VB="DMAPICurrentUserRightsVB.rtf" CSharp ="DMAPICurrentUserRights.rtf" DataType="System.String" />
    <Property Name="Determine Another User's Rights To Document" VB="DMAPIListUserRightsVB.rtf" CSharp ="DMAPIListUserRights.rtf" DataType="System.String" />
    <Property Name="Add/Delete Trustee to Documents" VB="DMAPIAddTrusteeVB.rtf" CSharp ="DMAPIAddTrustee.rtf" DataType="System.String" />
  </Entity>

  <Entity Name="Misc">
    <Property Name="Clear Server Cache" VB="DMAPIClearServerCacheVB.rtf" CSharp ="DMAPIClearServerCache.rtf" DataType="System.String" />
    <Property Name="Return File Extension" VB="DMAPIReturnFileExtensionVB.rtf" CSharp ="DMAPIReturnFileExtension.rtf" DataType="System.String" />
    <Property Name="Return Version Label" VB="DMAPIReturnVersionLabelVB.rtf" CSharp ="DMAPIReturnVersionLabel.rtf" DataType="System.String" />
    <Property Name="Return Version ID" VB="DMAPIReturnVersionIDVB.rtf" CSharp ="DMAPIReturnVersionID.rtf" DataType="System.String" />
  </Entity>

</Samples>