﻿<?xml version="1.0" encoding="utf-8" ?>

<Samples>
<Entity Name="Documents">
  <Property Name="Profile New Document"  VB="CreateProfileVB.rtf" CSharp="CreateProfile.rtf"  DataType="System.String" />
  <Property Name="Show Profile" VB=""  CSharp="" DataType="System.String" />
  <Property Name="Open Document"  VB="OpenFileVB.rtf" CSharp="OpenFile"  DataType="System.String" />
  <Property Name="Mail Document" VB="MailProfVB.rtf"  CSharp="MailProf.rtf" DataType="System.String" />
  <Property Name="Print Document" VB="PrintDocVB.rtf"  CSharp="PrintDoc.rtf" DataType="System.String" />
  <Property Name="Preview Document" VB="PreviewDocVB.rtf"  CSharp="PreviewDoc.rtf" DataType="System.String" />
  <Property Name="Export Document" VB="ExportDocVB.rtf"  CSharp="ExportDoc.rtf" DataType="System.String" />
  <Property Name="Check-out Document " VB="CheckOutDocVB.rtf"  CSharp="CheckOutDoc.rtf" DataType="System.String" />
  <Property Name="Create New Version" VB="CreateNewVersionVB.rtf"  CSharp="CreateNewVersion.rtf" DataType="System.String" />
  <Property Name="Create Attachment From File " VB="CreateAttachVB.rtf"  CSharp="CreateAttachVB.rtf" DataType="System.String" />
  <Property Name="Delete Document" VB=""  CSharp="" DataType="System.String" />
  <Property Name="Add Document Activity" VB="AddDocActivityVB.rtf"  CSharp="AddDocActivity.rtf" DataType="System.String" />
  <Property Name="Show History Form" VB=""  CSharp="ShowDocHistory.rtf" DataType="System.String" />
</Entity>

<Entity Name="Folders">
  <Property Name="Open Folder"  VB="" CSharp=""  DataType="System.String" />
  <Property Name="Add Document to Folder"  VB="" CSharp=""  DataType="System.String" />
  <Property Name="Remove Document from Folder"  VB="" CSharp=""  DataType="System.String" />  
  
</Entity>


  <Entity Name="Searches">
    <Property Name="Create saved Quick Search with user input"  VB="" CSharp=""  DataType="System.String" />
    <Property Name="Quick Search without user input"  VB="" CSharp=""  DataType="System.String" />
    <Property Name="Recently Edited Documents"  VB="" CSharp=""  DataType="System.String" />
    <Property Name="Using System Defined Quick Searches"  VB="" CSharp=""  DataType="System.String" />
  </Entity>

  </Samples>